#Id	5p	3P	5P_Transcipt	5P_Exon	5P_Strand	5P_Exon_Chr	5P_Exon_Start	5P_Exon_End	5P_Exon_Seq	5P_Exon_150	3P_Transcript	3P_Exon	3P_Exon_Strand	3P_Exon_Chr	3P_Exon_Start	3P_Exon_END	3P_Exon_Seq	3P_Exon_150
1	RAE1	SVIP	ENST00000395841	3	+	20	55929768	55929872	GATATTGAAGTAACATCATCTCCTGATGATAGCATTGGTTGTCTGTCTTTTAGCCCACCAACCTTGCCGGGGAACTTTCTTATTGCAGGATCATGGGCTAATGAT	NA	ENST00000354193	2	-	11	22849370	22849420	CTCTTTTTGTCTTCTCTCTGCAGCCTCTGCAAGCTTTGCTCTTTTCTCTTC	NA
2	KIAA0922	BAG3	ENST00000409663	5	+	4	154476939	154477062	GTTCCTGGGACATCCTGTAGCAAAGATTCTCCATGCTTACAACCCTAGTAGGGACAGCGAGGTTGTGGTGAATTCAGTGTTTGCAGCTGCTGGACATTTCCATGTACCGCCAGTTCCCTGCAGG	NA	ENST00000369085	4	+	10	121435976	121437331	CAGCCCATGACCCATCGAGAAACTGCACCTGTTTCCCAGCCTGAAAACAAACCAGAAAGTAAGCCAGGCCCAGTTGGACCAGAACTCCCTCCTGGACACATCCCAATTCAAGTGATCCGCAAAGAGGTGGATTCTAAACCTGTTTCCCAGAAGCCCCCACCTCCCTCTGAGAAGGTAGAGGTGAAAGTTCCCCCTGCTCCAGTTCCTTGTCCTCCTCCCAGCCCTGGCCCTTCTGCTGTCCCCTCTTCCCCCAAGAGTGTGGCTACAGAAGAGAGGGCAGCCCCCAGCACTGCCCCTGCAGAAGCTACACCTCCAAAACCAGGAGAAGCCGAGGCTCCCCCAAAACATCCAGGAGTGCTGAAAGTGGAAGCCATCCTGGAGAAGGTACAGGGGCTGGAGCAGGCTGTAGACAACTTTGAAGGCAAGAAGACTGACAAAAAGTACCTGATGATCGAAGAGTATTTGACCAAAGAGCTGCTGGCCCTGGATTCAGTGGACCCCGAGGGACGAGCCGATGTGCGTCAGGCCAGGAGAGACGGTGTCAGGAAGGTTCAGACCATCTTGGAAAAACTTGAACAGAAAGCCATTGATGTCCCAGGTCAAGTCCAGGTCTATGAACTCCAGCCCAGCAACCTTGAAGCAGATCAGCCACTGCAGGCAATCATGGAGATGGGTGCCGTGGCAGCAGACAAGGGCAAGAAAAATGCTGGAAATGCAGAAGATCCCCACACAGAAACCCAGCAGCCAGAAGCCACAGCAGCAGCGACTTCAAACCCCAGCAGCATGACAGACACCCCTGGTAACCCAGCAGCACCGTAGCCTCTGCCCTGTAAAAATCAGACTCGGAACCGATGTGTGCTTTAGGGAATTTTAAGTTGCATGCATTTCAGAGACTTTAAGTCAGTTGGTTTTTATTAGCTGCTTGGTATGCAGTAACTTGGGTGGAGGCAAAACACTAATAAAAGGGCTAAAAAGGAAAATGATGCTTTTCTTCTATATTCTTACTCTGTACAAATAAAGAAGTTGCTTGTTGTTTGAGAAGTTTAACCCCGTTGCTTGTTGTTCTGCAGCCCTGTCTACTTGGGCACCCCCACCACCTGTTAGCTGTGGTTGTGCACTGTCTTTTGTAGCTCTGGACTGGAGGGGTAGATGGGGAGTCAATTACCCATCACATAAATATGAAACATTTATCAGAAATGTTGCCATTTTAATGAGATGATTTTCTTCATCTCATAATTAAAATACCTGACTTTAGAGAGAGTAAAATGTGCCAGGAGCCATAGGAATATCTGTATGTTGGATGACTTTAATGCTACATTTTAAAAAAAGAAAATAAAGTAATAATATAACTCAAAA	CAGCCCATGACCCATCGAGAAACTGCACCTGTTTCCCAGCCTGAAAACAAACCAGAAAGTAAGCCAGGCCCAGTTGGACCAGAACTCCCTCCTGGACACATCCCAATTCAAGTGATCCGCAAAGAGGTGGATTCTAAACCTGTTTCCCAG
3	PHF23	RNF217	ENST00000571362	1	-	17	7142565	7142758	CTTCGGGACTGGGCTCCGCCATGGCTTCCAGCATCGCCCCCTCCCCTCCTCCCGGTCCGGCGCCCCCCTCCCCGGAGCCGGGGATCCCGGTGCCGCCTCTAGTGCTCGATGCTCCCACTGCTTCGCTCCACAGAAGTGTCCGCCTCAGCCCGGTTGAGACTCGAGTCCGCTAGCCGCTGCCGCCACCTCCCTCT	CTTCGGGACTGGGCTCCGCCATGGCTTCCAGCATCGCCCCCTCCCCTCCTCCCGGTCCGGCGCCCCCCTCCCCGGAGCCGGGGATCCCGGTGCCGCCTCTAGTGCTCGATGCTCCCACTGCTTCGCTCCACAGAAGTGTCCGCCTCAGCC	ENST00000454842	2	+	6	125366357	125366557	GTACAACTTGGCCAAGTAGAAATCAAATGCCCCATCACAGAGTGTTTTGAATTCTTGGAAGAAACAACTGTTGTCTATAACTTAACGCATGAAGACTCCATCAAGTATAAGTACTTCTTGGAACTTGGCCGTATTGATTCCAGCACCAAGCCATGTCCTCAGTGCAAGCACTTTACAACCTTCAAGAAAAAAGGACATATT	GTACAACTTGGCCAAGTAGAAATCAAATGCCCCATCACAGAGTGTTTTGAATTCTTGGAAGAAACAACTGTTGTCTATAACTTAACGCATGAAGACTCCATCAAGTATAAGTACTTCTTGGAACTTGGCCGTATTGATTCCAGCACCAAG
4	SEMA4F	MBD4	ENST00000446927	1	+	2	74881489	74881648	CAGGCGGAGCCAAAGATGCCGGCCTCTGCTGCGCGGCCCCGCCCGGGTCCCGGGCAGCCTACAGCCTCGCCCTTCCCGCTACTGCTGCTGGCGGTGCTGAGCGGCCCGGTATCCGGCCGCGTCCCCCGCTCGGTGCCCAGAACCTCGCTTCCAATCTCTG	CAAAGATGCCGGCCTCTGCTGCGCGGCCCCGCCCGGGTCCCGGGCAGCCTACAGCCTCGCCCTTCCCGCTACTGCTGCTGGCGGTGCTGAGCGGCCCGGTATCCGGCCGCGTCCCCCGCTCGGTGCCCAGAACCTCGCTTCCAATCTCTG	ENST00000515266	3	-	3	129151420	129151449	GATACTTCCACTGCTTTGTCAGGTATTCAT	NA
5	MSR1	TIMM8B	ENST00000350896	2	-	8	16035395	16035501	TCGGAGGAAGCAAAGCTGTCATTGAGCGAGCATCAAATTTCACAGATTCGGAGCAGCTATCAGTGTCCTCCTGTTGATTGTGAAAGTGATCCCACTGCTCCATACTT	NA	ENST00000507614	3	-	11	111955873	111956186	AACATTTCATCTTTTACTTTTTAGCACCAACAGACTTGATAACAGCCTGATGCTGATCTGACAATGGGTTGATAGCCTTCCCCCACTGACCCTTAAATCTGCTTAGTAACAAGTCCTTTGCTTCTGTCATTCTCCTGGGGGATGGCCTACTGCCCTCCTTTCTGTACAATCTGGGCAAACCGACTGGTGATGGCAAGAGTGGTGTCAATGAAGCGGTCTACACAGCTGGAGAGACAATTTTCAGTGCGAGAGTCTAGGCGATTCCCTGGCTTCTCCACACATTTATCCCAACATAACTCCATGAAGTGATGCAC	TACAATCTGGGCAAACCGACTGGTGATGGCAAGAGTGGTGTCAATGAAGCGGTCTACACAGCTGGAGAGACAATTTTCAGTGCGAGAGTCTAGGCGATTCCCTGGCTTCTCCACACATTTATCCCAACATAACTCCATGAAGTGATGCAC
6	CDHR4	C19orf40	ENST00000412678	3	-	3	49836427	49836589	CTGGGCTGGCAAATTGACCAGCACACTGGATATGGCTAAGGTCCCGCTGCACATCCACAGAGAGTGAGCCCTCCATCACATGGTTGCCACATGTGAACTTCAGCTGCACCTTGTAGTGGTTCACCATCAGGGCATCCAACTGAGCAGAGCTGCTCAAGGTCAA	CTGGGCTGGCAAATTGACCAGCACACTGGATATGGCTAAGGTCCCGCTGCACATCCACAGAGAGTGAGCCCTCCATCACATGGTTGCCACATGTGAACTTCAGCTGCACCTTGTAGTGGTTCACCATCAGGGCATCCAACTGAGCAGAGC	ENST00000254262	4	+	19	33464966	33465118	TCCAATAATCTTAAAGGAATTGTAGTCGTTGAAAAAACCCGGATGAGTGAACAATACTTCCCAGCCCTACAGAAGTTTACTGTGCTGGACCTTGGAATGGTGCTGCTTCCAGTGGCCAGCCAGATGGAAGCATCCTGCCTCGTCATCCAGTTG	TCCAATAATCTTAAAGGAATTGTAGTCGTTGAAAAAACCCGGATGAGTGAACAATACTTCCCAGCCCTACAGAAGTTTACTGTGCTGGACCTTGGAATGGTGCTGCTTCCAGTGGCCAGCCAGATGGAAGCATCCTGCCTCGTCATCCAG
7	DMRTA1	CTLA4	ENST00000325870	1	+	9	22446840	22447731	CTCTGCCAGGCTCACGGGACAGCTGCACCTCTCAGCGTCTCCAGCTCCAGGACGCGGTCGTCCCAACTCCTTCCGAGTGGAAAGAGTGTAAAACTTTTGTCCGTGCGCGGGTGGAGCTCAGTAGGACCACGGCGCGTCCTGCCCCGGCTTCCCCAGCCTCCCAGCAGGGTTAGCTGCGGTCAGCGCACTTTCCACTTGGGACTCCCGGCCAGAAATTTCTCGGGAATGGAGCGGTCACAGTGTGGCAGCAGAGACCGAGGCGTTAGCGGCCGACCTCACTTGGCCCCTGGGCTAGTGGTGGCTGCCCCTCCGCCCCCGTCCCCGGCGTTGCCGGTACCATCGGGGATGCAGGTTCCCCCAGCGTTCCTGCGGCCGCCCAGCCTCTTTCTGCGAGCAGCGGCCGCGGCCGCCGCCGCCGCTGCCGCCACCTCGGGAAGCGGAGGCTGCCCGCCGGCTCCCGGGCTGGAGAGCGGGGTAGGCGCGGTGGGCTGCGGCTACCCGCGGACGCCCAAGTGCGCCCGCTGTCGTAACCATGGTGTGGTGTCAGCGCTCAAGGGCCACAAGCGCTTCTGCCGCTGGCGGGACTGCGCGTGTGCCAAGTGCACCCTGATCGCCGAGCGCCAGCGCGTCATGGCCGCCCAGGTGGCGCTGCGCAGGCAGCAGGCGCAGGAGGAGAGCGAAGCCCGGGGGCTACAGAGGCTCCTGTGCTCGGGGCTCTCCTGGCCCCCCGGTGGTCGGGCATCCGGGGGCGGCGGCAGAGCCGAGAATCCACAGTCCACGGGCGGCCCTGCGGCGGGGGCTGCGCTGGGACTGGGTGCCTTGAGACAGGCCAGTGGTTCCGCGACCCCCGCTTTCGAAGTTTTCCAGCAAGATTATCCTGAGGAAAAACAAG	CCGGGGGCGGCGGCAGAGCCGAGAATCCACAGTCCACGGGCGGCCCTGCGGCGGGGGCTGCGCTGGGACTGGGTGCCTTGAGACAGGCCAGTGGTTCCGCGACCCCCGCTTTCGAAGTTTTCCAGCAAGATTATCCTGAGGAAAAACAAG	ENST00000302823	2	+	2	204735309	204735656	CAATGCACGTGGCCCAGCCTGCTGTGGTACTGGCCAGCAGCCGAGGCATCGCCAGCTTTGTGTGTGAGTATGCATCTCCAGGCAAAGCCACTGAGGTCCGGGTGACAGTGCTTCGGCAGGCTGACAGCCAGGTGACTGAAGTCTGTGCGGCAACCTACATGATGGGGAATGAGTTGACCTTCCTAGATGATTCCATCTGCACGGGCACCTCCAGTGGAAATCAAGTGAACCTCACTATCCAAGGACTGAGGGCCATGGACACGGGACTCTACATCTGCAAGGTGGAGCTCATGTACCCACCGCCATACTACCTGGGCATAGGCAACGGAACCCAGATTTATGTAATTG	CAATGCACGTGGCCCAGCCTGCTGTGGTACTGGCCAGCAGCCGAGGCATCGCCAGCTTTGTGTGTGAGTATGCATCTCCAGGCAAAGCCACTGAGGTCCGGGTGACAGTGCTTCGGCAGGCTGACAGCCAGGTGACTGAAGTCTGTGCGG
8	RP11-497E19.2	ARHGAP39	ENST00000553678	1	+	14	85994943	85995202	ATACTTATGTACACTTACATACGAAAATGGATGTTTAAATGCAGGTAGATGAGTATTTGTCCTAAAATGTGATCTTCCTTGTTGATGCTGGAGCTTGAGGAGCTATCCCTATGCTCTGCTGCCACCTTGGAAACTCAGAAGGATTTACAACGGAGTTCTGCACAGGGGAAGCTGGAAGCAGCATTCCCACAGCCTCTTCTGGGGCTGGCAAGGCTCAGAGAGGCATTTGAAATGGCTATTATTGACACCCATAGACTTGG	ATGCTCTGCTGCCACCTTGGAAACTCAGAAGGATTTACAACGGAGTTCTGCACAGGGGAAGCTGGAAGCAGCATTCCCACAGCCTCTTCTGGGGCTGGCAAGGCTCAGAGAGGCATTTGAAATGGCTATTATTGACACCCATAGACTTGG	ENST00000276826	2	-	8	145806230	145806661	CTGCCGCTGTCCTCCTTCACTGTCCCAAACGCCGCGGGCCGCCCGGCCCTCGCTGGCAACTCCTGCGCTTTCTCAGTGTCGGGCTCGGGCTCCAGGGAGGAGCTGGTGCTGCCCTCACGGCTGACGCTGCTGCCGCGCCCGGGGCTGCTCTCCGCCGAGGCGCGCGGGGACTCCGTGTTCTGCTTCAGCGTCTGCAGCTTGGCCAGCGGGATGATGTCGCAGCCCTGCGGCCGGTGCCACACCGTGCGCTGCGTGCTGGCATTGTAGTAGTAGAAGCGGGACGTGTTGGGGTCGAACAGCTCCCACCACTGGTTCTCGCTGGTGCGCTTGATGCGGACGCCGGCCGGCGGGTCCCACACGCACTCACCGGTGACCAGGTTGGCGTACATGCGCTCGCGGGTGCGCGGTTCGATGATCTCCACCCACTCCAAC	GTGTTGGGGTCGAACAGCTCCCACCACTGGTTCTCGCTGGTGCGCTTGATGCGGACGCCGGCCGGCGGGTCCCACACGCACTCACCGGTGACCAGGTTGGCGTACATGCGCTCGCGGGTGCGCGGTTCGATGATCTCCACCCACTCCAAC
9	CRP	NNAT	ENST00000368112	3	-	1	159683293	159683393	CTTCAGGACCCACAGCTGGGCCTCAGGGCCACAGCTGGGGTTTGGTGAACACTTCGCCTTGCACTTCATACTTCAGTGCCCGCCAGTTCAGGACATTAGGA	NA	ENST00000062104	2	+	20	36150760	36150840	GTGTTCCTGGAATGCTGCATTTACTGGGTAGGATTCGCTTTTCGAAATCCTCCAGGGACACAGCCCATTGCGAGAAGTGAG	NA
10	FLT1	APBB1IP	ENST00000282397	29	-	13	28880815	28880909	TCAATCTTGAGCGAGGCCTTGGGTTTGCTGTCAGTCCAGGTGAAGCGCTTCAGCATGGGAGAGGCCAACAGAGTGCTGCTGTCGCCCTGGTAGTC	NA	ENST00000376236	2	+	10	26727581	26727782	GGGCCTTCCTTGCACCTCGGAGCAAAGCAGCTCGGATAGCGCCACACGTCTGCGCGCTGCGTGGGAAGGGCAGGGCTGACAGCACTTCCTCCCCGGGGCAGCGACCTGGAGCCCGGGTGCGGCAGTCTGCACCGCGCGTCGCTTTCCCGGCCGGAGTCTCGCCGCCTTCCCGCGCCCCGCAGCGCCCCGCAGAGCAGTCGAG	GGGCCTTCCTTGCACCTCGGAGCAAAGCAGCTCGGATAGCGCCACACGTCTGCGCGCTGCGTGGGAAGGGCAGGGCTGACAGCACTTCCTCCCCGGGGCAGCGACCTGGAGCCCGGGTGCGGCAGTCTGCACCGCGCGTCGCTTTCCCGG
11	ACVR2B	YPEL5	ENST00000352511	4	+	3	38519632	38519783	TCACGTACGAGCCACCCCCGACAGCCCCCACCCTGCTCACGGTGCTGGCCTACTCACTGCTGCCCATCGGGGGCCTTTCCCTCATCGTCCTGCTGGCCTTTTGGATGTACCGGCATCGCAAGCCCCCCTACGGTCATGTGGACATCCATGAG	ACGTACGAGCCACCCCCGACAGCCCCCACCCTGCTCACGGTGCTGGCCTACTCACTGCTGCCCATCGGGGGCCTTTCCCTCATCGTCCTGCTGGCCTTTTGGATGTACCGGCATCGCAAGCCCCCCTACGGTCATGTGGACATCCATGAG	ENST00000490211	4	+	2	30379494	30379653	GTTTTTAGAACTTCAGCCATAAAAATGGGCAGAATTTTCCTTGATCATATCGGTGGTACCCGTCTGTTTTCTTGTGCAAACTGTGATACGATCCTGACCAACCGCTCAGAACTCATCTCCACTCGTTTCACAGGCGCCACTGGCAGAGCATTTCTTTTTA	GTTTTTAGAACTTCAGCCATAAAAATGGGCAGAATTTTCCTTGATCATATCGGTGGTACCCGTCTGTTTTCTTGTGCAAACTGTGATACGATCCTGACCAACCGCTCAGAACTCATCTCCACTCGTTTCACAGGCGCCACTGGCAGAGCA
12	ENKD1	PTGS1	ENST00000243878	6	-	16	67697323	67697459	TCTGGAGCAGCTTGGTCAGTGTTTCCAGCCGCTGGTTCTCAGGCATGCGCGTGTGGCCTGGGGGCATGGCAGGGTCCGGCTGGCTCTGCTTGCGGGCCTCGGCCTCCCGCCGCCACAGGTCCCTGCGCTCCAACAAG	NA	ENST00000540753	10	+	9	125148725	125148900	GGGAGACCATCAAGATTGTCATCGAGGAGTACGTGCAGCAGCTGAGTGGCTATTTCCTGCAGCTGAAATTTGACCCAGAGCTGCTGTTCGGTGTCCAGTTCCAATACCGCAACCGCATTGCCATGGAGTTCAACCATCTCTACCACTGGCACCCCCTCATGCCTGACTCCTTCAAG	GGGAGACCATCAAGATTGTCATCGAGGAGTACGTGCAGCAGCTGAGTGGCTATTTCCTGCAGCTGAAATTTGACCCAGAGCTGCTGTTCGGTGTCCAGTTCCAATACCGCAACCGCATTGCCATGGAGTTCAACCATCTCTACCACTGGC
13	N4BP2L2	WRNIP1	ENST00000357505	3	-	13	33101595	33101669	CTGTACCCATCTTGATGGTGAAAATAGTCATCAGTGCTGAACACAATGCCATCACGATTCTGACCAAGCAGAATT	NA	ENST00000380771	5	+	6	2783640	2783795	GTGAGGAGCATTACAACTGCATCTCCGCCCTGCACAAGTCCATGCGGGGCTCAGACCAGAACGCCTCCCTCTACTGGCTGGCTCGCATGCTCGAGGGAGGAGAGGACCCACTCTACGTGGCACGGAGGCTTGTCAGGTTTGCCAGCGAGGACATAG	GTGAGGAGCATTACAACTGCATCTCCGCCCTGCACAAGTCCATGCGGGGCTCAGACCAGAACGCCTCCCTCTACTGGCTGGCTCGCATGCTCGAGGGAGGAGAGGACCCACTCTACGTGGCACGGAGGCTTGTCAGGTTTGCCAGCGAGG
14	PRMT5	SLC25A6	ENST00000553787	1	-	14	23398461	23398582	CCCTGCTTGGCCACAGCCCCTAGTGTGTCAGCTATTTCGGGGACGCAATTCAGGTCCCTCCCGCTGGACACGCGGCTCCCACCAGCACCCCCGACCGCCATCGCCGCCATCTTTCTCCTCGC	NA	ENST00000381401	2	-	X	1508134	1508620	CCTTGGCCGTATCGTACACGCCGAAGTAGGCCGCCCGGTAGATGATGATGCCCTGCACGGAGACACTGAAGCCCTGGTACAGGCCCCGGATGCCGTCGGACTTGGTGATCTTCACCAGGCAGTCTCCCAGGCCTCGGAACTCGCGCTCTGTGCCTGACTTTCCCACGTCCGCTGCCAGGCGGGTTCTGGCGAAATCCAGCGGGTACACGAAGCAGAGGGAGGTCGCGCCGGCCGCACCGCCGGAGGCCAGGTTGCCCGCAAAGTACCTCCAGAACTGCGTGTGCTTGTCCACGCCCCCCAGGAAGATCTGCTTGTACTTATCCTTGAAGGCGAAGTTGAGGGCTTGAGTGGGGAAGTAGCGAATGACGTTGGCAAGGTTGCCCCTCCAGAAGGACAGCACGCCCTGCTCCTTGGGGATGCGGACAATGCAGTCCACGATGCCCTTGTACTGCTTGTCGGCGGCGATCTGCTTGCTGGCGTGCTGGAC	GAGGGCTTGAGTGGGGAAGTAGCGAATGACGTTGGCAAGGTTGCCCCTCCAGAAGGACAGCACGCCCTGCTCCTTGGGGATGCGGACAATGCAGTCCACGATGCCCTTGTACTGCTTGTCGGCGGCGATCTGCTTGCTGGCGTGCTGGAC
15	OVOL1	PREP	ENST00000335987	2	+	11	65561502	65561719	TCAGCCTGGGCTTCTGCCCACCACAGCCCTACCGGGAGCCGGAACCCTCTGTGGCCGAACCCCCTTCCTGCCCGCTGGCTTTGAACATGAGCCTTCGAGACTCTAGCTACAGCATGGCCCCCGGGCCCTGTGTGGTGGCCCAGCTGCCCTCTGAAGACATGGGCCACTTGACAGACCCCCAGAGCAGAGACCATGGCTTCCTGCGCACCAAGATGAAG	TGCCCGCTGGCTTTGAACATGAGCCTTCGAGACTCTAGCTACAGCATGGCCCCCGGGCCCTGTGTGGTGGCCCAGCTGCCCTCTGAAGACATGGGCCACTTGACAGACCCCCAGAGCAGAGACCATGGCTTCCTGCGCACCAAGATGAAG	ENST00000369110	4	-	6	105824000	105824130	CTCGGAGTGCCACTGTGCCATCGTCAGACAGTATGTTGGGGTCCAGGAACACTCTGGCCTCACCCTCTAAGGAATCCTGTACATATAATACTCGCTGGTTCTGCAAACCTGTATTGTAAAAATAAAAATAC	NA
16	MMADHC	RHBDD2	ENST00000303319	3	-	2	150438641	150438785	ATATATCTGGAGGTGCAGCAGCCACATGAGACTCATCCGAACCTGATGATCCTGCAGTCGAAAAGGCTTTGGGATTGACAACCCTTTTAACTAAAGAGCAAAATCCTGGGAGATAGGAAACCAGTCTGGCTCTGTTACAAAGCAC	NA	ENST00000466232	3	+	7	75511147	75511442	TTTACAGGCTGGTAACCTACATCTTTGTCTACGAGAATCCCATCTCCCTGCTCTGCGGCGCTATCATCATCTGGCGCTTTGCTGGCAATTTCGAGAGAACCGTGGGCACCGTCCGCCACTGCTTCTTCACCGTGATCTTCGCCATCTTCTCCGCTATCATCTTCCTGTCATTCGAGGCTGTGTCATCACTGTCAAAGCTGGGGGAAGTGGAGGATGCCAGAGGTTTCACCCCAGTGGCCTTTGCCATGCTGGGAGTCACCACCGTCCGTTCTCGGATGAGGCGGGCCCTGGTGTTT	TTTACAGGCTGGTAACCTACATCTTTGTCTACGAGAATCCCATCTCCCTGCTCTGCGGCGCTATCATCATCTGGCGCTTTGCTGGCAATTTCGAGAGAACCGTGGGCACCGTCCGCCACTGCTTCTTCACCGTGATCTTCGCCATCTTCT
17	ATP2B4	USH1G	ENST00000357681	9	+	1	203676137	203676351	GTCTGCTCATGTCTGCTCTCACGGTTTTCATCCTGATTCTATACTTTGTGATTGACAACTTTGTGATAAATCGCAGACCATGGCTCCCTGAGTGTACTCCCATCTACATCCAGTACTTTGTCAAGTTCTTCATCATCGGCATCACTGTACTGGTGGTGGCTGTGCCAGAGGGGCTGCCTCTGGCTGTCACCATCTCACTGGCCTACTCTGTGAAG	ATAAATCGCAGACCATGGCTCCCTGAGTGTACTCCCATCTACATCCAGTACTTTGTCAAGTTCTTCATCATCGGCATCACTGTACTGGTGGTGGCTGTGCCAGAGGGGCTGCCTCTGGCTGTCACCATCTCACTGGCCTACTCTGTGAAG	ENST00000579243	3	-	17	72914011	72914171	GCTTCAAGGTGCAGACAGACTTTCAAAGGAGTCGCCCCAACTGGTCCTTGCTCCTGGGGAAGGGGGCTGCAGGGCTGGCAACTGTGAGGACCTCGAGACCCCACCATAGGTTGTGGCAACTTGCAATTCATTTTGGTCTGGGGAGAGGAGCCCCCGGTTAT	CAGACAGACTTTCAAAGGAGTCGCCCCAACTGGTCCTTGCTCCTGGGGAAGGGGGCTGCAGGGCTGGCAACTGTGAGGACCTCGAGACCCCACCATAGGTTGTGGCAACTTGCAATTCATTTTGGTCTGGGGAGAGGAGCCCCCGGTTAT
18	GPR18	PEX1	ENST00000340807	1	-	13	99913909	99913998	CATATATAAGTGATGGCAGTGAAATCAGTCCTGGAACCACTGAAGTCCCATGGGACCCCAGGCCCAGAGTTTGCAGTGTGACATTTTACT	NA	ENST00000438045	17	-	7	92122267	92122443	CTGGAGTCCACTCGAGAGCAGCATTCCATGTAAGGCCTCCAATTGGGCATTGTAAAGTAAAGCTTTCAGATCAGCTCCAGTAAAGGAGTCAGTTACTGATGCTACATGCTGAAGGTCAACATCATCTGCCAGAGGTAGAGAGTCACTGAGGACATTTAAAATTTCAAGACGTGACAC	ATGTAAGGCCTCCAATTGGGCATTGTAAAGTAAAGCTTTCAGATCAGCTCCAGTAAAGGAGTCAGTTACTGATGCTACATGCTGAAGGTCAACATCATCTGCCAGAGGTAGAGAGTCACTGAGGACATTTAAAATTTCAAGACGTGACAC
19	HPS3	GTDC1	ENST00000296051	10	+	3	148876453	148876633	GCTTGACTCCCAGCATTCTCATCTCACCTTGCCATACTATAAGATGTCTGGTTTGTCTATGGCTGAAGTTCTGGCCCGCACGGACTGGACAGTAGAGGATGGATTACAGAAATACGAGAGAGGATTAATCTTTTACATTAATCATTCACTTTATGAAAACCTGGATGAAGAATTAAATGAA	CCATACTATAAGATGTCTGGTTTGTCTATGGCTGAAGTTCTGGCCCGCACGGACTGGACAGTAGAGGATGGATTACAGAAATACGAGAGAGGATTAATCTTTTACATTAATCATTCACTTTATGAAAACCTGGATGAAGAATTAAATGAA	ENST00000463875	10	-	2	144704394	144704702	TCTCTAGGAATCTGTATTTAATTTGAGTTGGGGTGGTGGCAGGGATTGGAGATCTGAAGCCGCCACAGGTTTGTGGCAGATGGCTCTGTGTCAGCTATGACAAGCAGCCAGGCTCAGCTTCCTCTGCAGATTTTCTTTTCTCTCTGATCAGGTAAATATGGGCACACTCTGGAAAGTTCTTCAGATTCTGCCTTAGGCTGCAAGTTTGTGACTTAGCCCCATCTGTCACAAATCTTCCCTAGGTTCTGTTGTAAGCAGAGACCTGAATTTACCATGTAGGGCTGCCCAAGAAAACGGAGCGATTTCACC	GGGCACACTCTGGAAAGTTCTTCAGATTCTGCCTTAGGCTGCAAGTTTGTGACTTAGCCCCATCTGTCACAAATCTTCCCTAGGTTCTGTTGTAAGCAGAGACCTGAATTTACCATGTAGGGCTGCCCAAGAAAACGGAGCGATTTCACC
20	PRKD1	RSPH10B2	ENST00000331968	2	-	14	30194742	30194880	CTGACAAGACCACTTCAATAAGATCGCCTTCCTGGATATCACTGGCCGCTTTCACCAGCTGAAGGATGTTTTCAGAGGTAGGGTCATGGCGAAAAAGCAGGATCTTATCATACATTCCGTAGAAACCACATTCAGGGAA	NA	ENST00000403107	7	+	7	6806388	6806508	TTATAAATCTGGAAATATATACGAAGGCCAGTGGGAAGACAACATGCGCCACGGGGAGGGGAGGATGAGGTGGCTGACCACCAACGAAGAGTACACCGGGCGGTGGGAGAGGGGCATCCAG	NA
21	S100A16	BOD1L1	ENST00000368704	2	-	1	153580475	153580653	CGACAGCATGTGGTTCAGCTCTTTCTGGAGCATCTCGCGGAAGCTGCTCTTGCTGATCTTGTTCTTGACCAGGCTGTACTTAGACACATATTTGTAGAAGTTTTCCACCAGGACAATGACTGCCTTCTCCAGCTCCGTGTAGCAGTCTGACATCTCCCTGCTTCGCCTGCTGGCGGGGC	CGACAGCATGTGGTTCAGCTCTTTCTGGAGCATCTCGCGGAAGCTGCTCTTGCTGATCTTGTTCTTGACCAGGCTGTACTTAGACACATATTTGTAGAAGTTTTCCACCAGGACAATGACTGCCTTCTCCAGCTCCGTGTAGCAGTCTGA	ENST00000505343	4	-	4	13571410	13571752	ACAAAGTAAACTTATTGTCCTTTATCTGAAATAAATGTACATAATATCTTCTATGAACAATAGTTTATAAAGCTGTTTAAAACATAACAAGAAAAAGCTTGCACCTAGGGACTTACAGCACATGCATATCTTTTTCCTGGTTAAAGAGAAGCCTATGGCCACCAAGGCATGTCTCTTTCCTCTCCACCGTGTTCCTCCATAAGCCTAGGGCAGCAGTGGTCAGGATTATCGCTTCGCTTTTTTCACAGGGGCTTCCTCCACCCTTTGCTGGCCTCTTGTTCGGGCCCCAGGAGGGCTGACTTCTCTCTTGCGCTTGATAGAAGGGGAGAGCTGTGTCTTTGAT	CCTCCATAAGCCTAGGGCAGCAGTGGTCAGGATTATCGCTTCGCTTTTTTCACAGGGGCTTCCTCCACCCTTTGCTGGCCTCTTGTTCGGGCCCCAGGAGGGCTGACTTCTCTCTTGCGCTTGATAGAAGGGGAGAGCTGTGTCTTTGAT
22	TMEM56	CCPG1	ENST00000370203	5	+	1	95616881	95616975	ATTTGTCCATTATAATTTTGTATTGGAAAGTGATTGGTGACAAATTTTTTATAATGCATCATTGTGCGTCCCTGTATGCATACTACCTTGTACTG	NA	ENST00000442196	6	-	15	55663991	55664242	CATAGAAATGGCCAAATCCCATGCTGATTGCAATCACCAAAGCAAGTATAACACACTTATTGAGACCACTACTGAACTGACGTTTACTCAACTCCTTAGAAGGTTCAGTTTCTTGTTCAGCAACTAGCCGGTCTTCAGATTCTGAAGCAGAAACGGTCTTCTTCCTAGCACGGCGTCGTCTAAAGGCAGGACTGGGCTGATTACTGGTTTCATCACTACTTGATTCATCGTCACTAGGCTGAGATGAAAATA	GTTCAGTTTCTTGTTCAGCAACTAGCCGGTCTTCAGATTCTGAAGCAGAAACGGTCTTCTTCCTAGCACGGCGTCGTCTAAAGGCAGGACTGGGCTGATTACTGGTTTCATCACTACTTGATTCATCGTCACTAGGCTGAGATGAAAATA
23	GABRA1	C5orf27	ENST00000023897	4	+	5	161281164	161281276	CTATGGACAGCCGTCATTACAAGATGAACTTAAAGACAATACCACTGTCTTCACCAGGATTTTGGACAGACTCCTAGATGGTTATGACAATCGCCTGAGACCAGGATTGGGAG	NA	ENST00000436592	2	+	5	95188496	95188630	TTGTCCAACTGGCGTGGCTGTAGCTCCTTCCTGCAAGGCAATGCTGAAGAAGCTATGGAAGCAAGAAGGAAGCATGGATTCTAAAAACTGACAACAAACCACTTACCCCTATTGCTCTTCTTCCTAAAGCTAAAG	NA
24	FAM209B	LAMA5	ENST00000371325	1	+	20	55108302	55108646	GACATCACCAAGGGCCTGGCACCAGGTGCCCAGTCTTCCAGTTGCGAGGGCAAGCAAACCCGTCATGAGCAACTCCCTTCCCCATCTCTGCTCACCATGTGGACGCTGAAATCGTCCCTGGTCCTGCTTCTGTGCCTCACCTGCAGCTATGCCTTTATGTTCTCTTCTCTGAGACAGAAAACTAGCGAACCCCAGGGGAAGGTGCCGTGTGGAGAGCACTTTCGGATTCGGCAGAACCTACCAGAGCACACCCAAGGCTGGCTTGGGAGCAAATGGCTCTGGCTTTTGTTTGCTGTTGTGCCGTTTGTGATACTGCAGTGTCAAAGAGACAGTGAGAAGAATAAG	GGGAAGGTGCCGTGTGGAGAGCACTTTCGGATTCGGCAGAACCTACCAGAGCACACCCAAGGCTGGCTTGGGAGCAAATGGCTCTGGCTTTTGTTTGCTGTTGTGCCGTTTGTGATACTGCAGTGTCAAAGAGACAGTGAGAAGAATAAG	ENST00000252999	58	-	20	60891004	60891114	CTGTGTCCATGGCAAGCATGGCCTGCGCCGCCTGGATGTGCGCCTCCAGCTGGTCCTTCTTGGCCCGGACATCTCGGAGCTGGGTCCTGGCACCCTGGAGGGCAGCCCACA	NA
25	CCDC28A	GPR115	ENST00000332797	3	+	6	139100959	139101122	AGTGATGAAAGAAAAGACCAAACCTCAGGGTGGAGAGGGCAAAGGCGCTCAGTCAACTCCGATCCAGCACTCCTTCCTCACTGATGTCTCAGATGTTCAGGAGATGGAGAGAGGGCTGCTCAGTCTTTTGAATGATTTCCACTCTGGAAAACTTCAAGCATTTG	AGACCAAACCTCAGGGTGGAGAGGGCAAAGGCGCTCAGTCAACTCCGATCCAGCACTCCTTCCTCACTGATGTCTCAGATGTTCAGGAGATGGAGAGAGGGCTGCTCAGTCTTTTGAATGATTTCCACTCTGGAAAACTTCAAGCATTTG	ENST00000283303	2	+	6	47674966	47675074	GTGAAGATCCTCATGTATGAAAATGAAGTCCCAGGCAACCATGATTTGCTGCTTAGTGTTCTTTCTGTCCACAGAATGTTCCCACTATAGATCCAAGATTCACCTAAAA	NA
